-- phpMyAdmin SQL Dump
-- version 5.2.1
-- https://www.phpmyadmin.net/
--
-- Host: 127.0.0.1
-- Generation Time: Dec 15, 2023 at 11:18 PM
-- Server version: 10.4.28-MariaDB
-- PHP Version: 8.2.4

SET SQL_MODE = "NO_AUTO_VALUE_ON_ZERO";
START TRANSACTION;
SET time_zone = "+00:00";


/*!40101 SET @OLD_CHARACTER_SET_CLIENT=@@CHARACTER_SET_CLIENT */;
/*!40101 SET @OLD_CHARACTER_SET_RESULTS=@@CHARACTER_SET_RESULTS */;
/*!40101 SET @OLD_COLLATION_CONNECTION=@@COLLATION_CONNECTION */;
/*!40101 SET NAMES utf8mb4 */;

--
-- Database: `ecomweb`
--

-- --------------------------------------------------------

--
-- Table structure for table `addresses`
--

CREATE TABLE `addresses` (
  `address_id` int(11) NOT NULL,
  `id_user` int(11) DEFAULT NULL,
  `address_line_1` varchar(255) DEFAULT NULL,
  `address_line_2` varchar(255) DEFAULT NULL,
  `ville` varchar(100) DEFAULT NULL,
  `province` varchar(100) DEFAULT NULL,
  `code_postal` varchar(20) DEFAULT NULL,
  `pays` varchar(100) DEFAULT NULL
) ENGINE=InnoDB DEFAULT CHARSET=utf8mb4 COLLATE=utf8mb4_general_ci;

--
-- Dumping data for table `addresses`
--

INSERT INTO `addresses` (`address_id`, `id_user`, `address_line_1`, `address_line_2`, `ville`, `province`, `code_postal`, `pays`) VALUES
(1, 6, 'hay el manar', NULL, 'el jadida', 'Casablanca-Settat', '24000', 'Maroc'),
(2, 6, 'sidi youssef 3asima', NULL, 'Marrakech', 'Marrakech-Safi', '36000', 'MAROC');

-- --------------------------------------------------------

--
-- Table structure for table `commande`
--

CREATE TABLE `commande` (
  `id_cmd` int(11) NOT NULL,
  `tracking_no` varchar(200) NOT NULL,
  `id_user` int(11) NOT NULL,
  `total` float NOT NULL,
  `methode_pay` varchar(64) NOT NULL,
  `payment_id` int(11) NOT NULL,
  `status` varchar(50) NOT NULL,
  `created_at` timestamp NOT NULL DEFAULT current_timestamp() ON UPDATE current_timestamp(),
  `address_id` int(11) DEFAULT NULL
) ENGINE=InnoDB DEFAULT CHARSET=utf8mb4 COLLATE=utf8mb4_general_ci;

--
-- Dumping data for table `commande`
--

INSERT INTO `commande` (`id_cmd`, `tracking_no`, `id_user`, `total`, `methode_pay`, `payment_id`, `status`, `created_at`, `address_id`) VALUES
(2, 'anas2707', 6, 109788, 'paypal', 2147483647, 'confirmed', '2023-12-08 12:05:50', 1),
(4, '944761218', 6, 109788, 'paypal', 2147483647, 'confirmed', '2023-12-08 11:57:45', 2),
(6, '261121542', 6, 0, 'COD', 0, 'confirmed', '2023-12-08 16:04:48', 2),
(8, '705318319', 6, 22500, 'PAYPAL', 7, 'confirmed', '2023-12-07 22:58:23', 2),
(10, '267930263', 6, 33750, 'PAYPAL', 1, 'confirmed', '2023-12-07 23:07:07', 1),
(11, '738801200', 6, 500, 'COD', 0, 'confirmed', '2023-12-08 17:08:46', 2),
(12, '634126870', 6, 500, 'PAYPAL', 2, 'confirmed', '2023-12-08 17:00:22', 1),
(13, '732315877', 6, 500, 'PAYPAL', 62, 'confirmed', '2023-12-08 17:06:03', 1),
(14, '610393240', 6, 0, 'COD', 0, 'pending', '2023-12-11 11:15:24', 2),
(15, '492992909', 6, 22500, 'COD', 0, 'pending', '2023-12-12 10:34:16', 1),
(16, '169725676', 6, 0, 'COD', 0, 'pending', '2023-12-12 12:27:31', 2),
(17, '276993627', 6, 0, 'COD', 0, 'pending', '2023-12-12 12:36:44', 2),
(18, '188890460', 6, 0, 'COD', 0, 'pending', '2023-12-12 12:41:24', 1),
(19, '761577206', 6, 0, 'COD', 0, 'pending', '2023-12-12 13:19:44', 2),
(20, '351470741', 6, 16950, 'COD', 0, 'pending', '2023-12-15 13:26:58', 2);

-- --------------------------------------------------------

--
-- Table structure for table `methode_pay`
--

CREATE TABLE `methode_pay` (
  `payment_id` int(11) NOT NULL,
  `id_user` int(11) DEFAULT NULL,
  `num_carte` varchar(20) DEFAULT NULL,
  `date_expiration` date DEFAULT NULL,
  `cvv` varchar(4) DEFAULT NULL,
  `type_paiement` varchar(50) DEFAULT NULL
) ENGINE=InnoDB DEFAULT CHARSET=utf8mb4 COLLATE=utf8mb4_general_ci;

-- --------------------------------------------------------

--
-- Table structure for table `pannier`
--

CREATE TABLE `pannier` (
  `id_pan` int(11) NOT NULL,
  `id_user` int(11) DEFAULT NULL,
  `id_prod` int(11) NOT NULL,
  `nom_prod` varchar(30) NOT NULL,
  `marque_prod` varchar(40) NOT NULL,
  `prix_prod` float NOT NULL,
  `image` blob NOT NULL,
  `quantite` int(11) NOT NULL
) ENGINE=InnoDB DEFAULT CHARSET=utf8mb4 COLLATE=utf8mb4_general_ci;

--
-- Dumping data for table `pannier`
--

INSERT INTO `pannier` (`id_pan`, `id_user`, `id_prod`, `nom_prod`, `marque_prod`, `prix_prod`, `image`, `quantite`) VALUES
(120, 6, 30, 'iPhone 12', 'Apple', 7990, 0x687474703a2f2f6c6f63616c686f73743a333030302f45636f6d576562536974652d6d61696e322f5369746525323057656225323045636f6d6d657263652f6261636b656e642f494d414745532f50484f4e452f6970686f6e655f31325f76657272652e6a7067, 2),
(122, 6, 7, 'SONY LED KD-65X80L', 'Sony', 1299.99, 0x687474703a2f2f6c6f63616c686f73743a333030302f45636f6d576562536974652d6d61696e322f5369746525323057656225323045636f6d6d657263652f6261636b656e642f494d414745532f54562f534f4e592532304c45442532304b442d36355838304c2e6a7067, 1),
(127, 6, 15, 'ASUS PCPF571 I7 10870H 8G 512G', 'Asus', 1299.99, 0x687474703a2f2f6c6f63616c686f73743a333030302f45636f6d576562536974652d6d61696e322f5369746525323057656225323045636f6d6d657263652f6261636b656e642f494d414745532f50432f41535553253230504350463537312532304937253230313038373048253230384725323035313247253230424c41434b2e6a7067, 1),
(128, 6, 37, 'SAMSUNG A24 128 GO SILVER', 'Samsung', 5999.9, 0x687474703a2f2f6c6f63616c686f73742f45636f6d576562536974652d6d61696e322f5369746525323057656225323045636f6d6d657263652f6261636b656e642f494d414745532f50484f4e452f53414d53554e47253230413234253230313238253230474f25323053494c5645522e6a7067, 1),
(129, 6, 26, 'IPHONE 14 PRO MAX', 'apple', 16950, 0x687474703a2f2f6c6f63616c686f73742f45636f6d576562536974652d6d61696e322f5369746525323057656225323045636f6d6d657263652f6261636b656e642f494d414745532f50484f4e452f31332d536d61727470686f6e652d44657461696c2d506167652d2d2d4578746572696f722831292e6a7067, 1);

-- --------------------------------------------------------

--
-- Table structure for table `pc`
--

CREATE TABLE `pc` (
  `id_pc` int(11) NOT NULL,
  `nom_pc` varchar(50) NOT NULL,
  `prix` float NOT NULL,
  `description` varchar(200) NOT NULL,
  `marque` varchar(30) NOT NULL,
  `taille_ecran` varchar(20) NOT NULL,
  `ram` int(11) NOT NULL,
  `stockage` int(11) NOT NULL,
  `type_stockage` varchar(10) NOT NULL,
  `se` varchar(30) NOT NULL,
  `carte_graphique` varchar(40) NOT NULL,
  `couleur` varchar(30) NOT NULL,
  `frequence` varchar(30) NOT NULL,
  `poids` float NOT NULL,
  `hauteur` float NOT NULL,
  `largeur` float NOT NULL,
  `profondeur` float NOT NULL,
  `stock` int(11) NOT NULL,
  `image` blob NOT NULL,
  `processeur` varchar(40) DEFAULT NULL,
  `battery` varchar(20) DEFAULT NULL
) ENGINE=InnoDB DEFAULT CHARSET=utf8mb4 COLLATE=utf8mb4_general_ci;

--
-- Dumping data for table `pc`
--

INSERT INTO `pc` (`id_pc`, `nom_pc`, `prix`, `description`, `marque`, `taille_ecran`, `ram`, `stockage`, `type_stockage`, `se`, `carte_graphique`, `couleur`, `frequence`, `poids`, `hauteur`, `largeur`, `profondeur`, `stock`, `image`, `processeur`, `battery`) VALUES
(4, 'MACKBOOK 14 PRO', 12023, 'good pc', 'APPLE', '14\"', 8, 128, 'ssd', 'ios', 'apple graphics', 'gray', '156x1814', 5600, 25, 30, 5, 52, 0x31342070726f2e6a706567, 'ios 17', '3300 mah'),
(5, 'MACKBOOK 13 PRO', 10999, 'pc from apple', 'APPLE', '13\"', 8, 512, 'ssd', 'ios', 'apple graphics', 'lighten green', '156x1814', 560, 25, 30, 5, -7, 0x6d63626f6f6b2031332070726f2e6a706567, 'ios 17', '3300 mah'),
(6, 'LENOVO LOQ 15IRH8', 10999.9, '15-inch Gaming Laptop', 'Lenovo', '15.6', 16, 512, 'SSD', 'Windows', 'NVIDIA GTX 1650', 'Black', '2.6', 2.2, 36, 26.7, 50, 30, 0x4c454e4f564f204c4f51203135495248382e6a7067, 'Intel Core i7-10750H', '4-cell 60 Wh'),
(7, 'HP 6F817EA', 8999.9, '40', '14-inch Laptop', 'HP', 14, 8, '256', 'SSD', 'Windows', 'Intel UHD Graphics', 'Silver', 2.8, 1.8, 32.5, 22.5, 0, 0x485020364638313745412e6a7067, 'Intel Core i5-1135G7', '3-cell 41 Wh'),
(8, 'ACER PREDATOR HELIOS 300', 14999.9, '15-inch Gaming Laptop', 'Acer', '15.6', 16, 1, 'SSD', 'Windows', 'NVIDIA RTX 3060', 'Black', '2.5', 2.3, 36.3, 25.5, 30, 0, 0x41434552205052454441544f522048454c494f53203330302e6a7067, 'Intel Core i7-11800H', '4-cell 59 Wh'),
(9, 'MSI GF66 I5', 9999.9, '15-inch Gaming Laptop', 'MSI', '15.6', 8, 512, 'SSD', 'Windows', 'NVIDIA GTX 1660 Ti', 'Black', '2.3', 2.2, 35.9, 24.8, 25, 45, 0x4d534920474636362049352e6a7067, 'Intel Core i5-11400H', '3-cell 53.5 Wh'),
(10, 'APPLE MACBOOK AIR MLXY3FNA M2 256 GO', 12999.9, '13-inch Laptop', 'Apple', '13.3', 8, 256, 'SSD', 'macOS', 'Apple M2 GPU', 'Silver', '3.0', 1.6, 30.4, 21.2, 30, 0, 0x4150504c45204d4143424f4f4b20414952204d4c585933464e41204d322032353620474f2e6a7067, 'Apple M2', 'Up to 15 hours'),
(11, 'APPLE MACBOOK PRO MNEP3FN M2', 18999.9, '13-inch Pro Laptop', 'Apple', '13.3', 16, 512, 'SSD', 'macOS', 'Apple M2 GPU', 'Space Gray', '3.1', 1.6, 30.4, 21.2, 15, 23, 0x4150504c45204d4143424f4f4b2050524f204d4e455033464e204d322e6a7067, 'Apple M2', 'Up to 17 hours'),
(12, 'APPLE MACBOOK AIR MGNA3FNA', 12999.9, '13-inch Laptop', 'Apple', '13.3', 8, 512, 'SSD', 'macOS', 'Apple M1 GPU', 'Gold', '3.0', 1.6, 30.4, 21.2, 18, 16, 0x4150504c45204d4143424f4f4b20414952204d474e4133464e412e6a7067, 'Apple M1', 'Up to 15 hours'),
(13, 'ASUS EK1437T', 9999.9, '14-inch Laptop', 'Asus', '14', 16, 1, 'SSD', 'Windows', 'NVIDIA MX450', 'Silver', '2.8', 1.7, 32.4, 21.3, 25, 0, 0x4153555320454b31343337542e6a7067, 'Intel Core i7-1165G7', '3-cell 42 Wh'),
(14, 'HUAWEI B3-420', 6999.9, '14-inch Laptop', 'Huawei', '14', 8, 256, 'SSD', 'Windows', 'Intel UHD Graphics', 'Space Gray', '2.7', 1.6, 32.4, 22.6, 30, 67, 0x4855415745492042332d3432302e6a7067, 'Intel Core i5-1135G7', '3-cell 56 Wh'),
(15, 'ASUS PCPF571 I7 10870H 8G 512G BLACK', 12999.9, '15-inch Gaming Laptop', 'Asus', '15.6', 8, 512, 'SSD', 'Windows', 'NVIDIA GTX 1650 Ti', 'Black', '2.3', 2.3, 36, 25.6, 20, 22, 0x41535553205043504635373120493720313038373048203847203531324720424c41434b2e6a7067, 'Intel Core i7-10870H', '4-cell 60 Wh'),
(16, 'ASUS X515E I3 11E 8-256 WIN11 SLV', 5499.9, '15-inch Laptop', 'Asus', '15.6', 8, 256, 'SSD', 'Windows', 'Intel UHD Graphics', 'Silver', '2.3', 1.9, 36, 24.1, 40, 9, 0x415355532058353135452049332031314520382d3235362057494e313120534c562e6a7067, 'Intel Core i3-1115G4', '3-cell 33 Wh');

-- --------------------------------------------------------

--
-- Table structure for table `produit_cmd`
--

CREATE TABLE `produit_cmd` (
  `id_prodcmd` int(11) NOT NULL,
  `cmd_id` int(11) NOT NULL,
  `qty` int(11) NOT NULL,
  `prix` float NOT NULL,
  `image` blob NOT NULL,
  `created_at` timestamp NOT NULL DEFAULT current_timestamp() ON UPDATE current_timestamp(),
  `nom_prod` varchar(100) NOT NULL
) ENGINE=InnoDB DEFAULT CHARSET=utf8mb4 COLLATE=utf8mb4_general_ci;

--
-- Dumping data for table `produit_cmd`
--

INSERT INTO `produit_cmd` (`id_prodcmd`, `cmd_id`, `qty`, `prix`, `image`, `created_at`, `nom_prod`) VALUES
(1, 2, 0, 16950, 0x687474703a2f2f6c6f63616c686f73743a333030302f45636f6d576562536974652d6d61696e322f5369746525323057656225323045636f6d6d657263652f6261636b656e642f494d414745532f50484f4e452f3134253230702e6d61782e6a706567, '2023-12-05 23:49:58', ''),
(2, 2, 7, 15684, 0x687474703a2f2f6c6f63616c686f73742f45636f6d576562536974652d6d61696e322f5369746525323057656225323045636f6d6d657263652f6261636b656e642f494d414745532f50484f4e452f4f49502532302831292e6a706567, '2023-12-05 23:49:58', ''),
(5, 4, 0, 16950, 0x687474703a2f2f6c6f63616c686f73743a333030302f45636f6d576562536974652d6d61696e322f5369746525323057656225323045636f6d6d657263652f6261636b656e642f494d414745532f50484f4e452f3134253230702e6d61782e6a706567, '2023-12-06 00:31:45', ''),
(6, 4, 7, 15684, 0x687474703a2f2f6c6f63616c686f73742f45636f6d576562536974652d6d61696e322f5369746525323057656225323045636f6d6d657263652f6261636b656e642f494d414745532f50484f4e452f4f49502532302831292e6a706567, '2023-12-06 00:31:46', ''),
(9, 6, 0, 489, 0x687474703a2f2f6c6f63616c686f73743a333030302f45636f6d576562536974652d6d61696e322f5369746525323057656225323045636f6d6d657263652f6261636b656e642f494d414745532f57415443482f6170706c6525323077617463682e6a7067, '2023-12-07 19:43:44', 'aplle a6'),
(10, 6, 0, 6845, 0x687474703a2f2f6c6f63616c686f73743a333030302f45636f6d576562536974652d6d61696e322f5369746525323057656225323045636f6d6d657263652f6261636b656e642f494d414745532f54562f716c656425323074762e6a7067, '2023-12-07 19:43:44', 'samsung QLED'),
(14, 8, 3, 12023, 0x687474703a2f2f6c6f63616c686f73743a333030302f45636f6d576562536974652d6d61696e322f5369746525323057656225323045636f6d6d657263652f6261636b656e642f494d414745532f50432f6d63626f6f6b253230313325323070726f2e6a706567, '2023-12-07 22:58:23', 'MACKBOOK 13 PRO'),
(15, 8, 2, 10150, 0x687474703a2f2f6c6f63616c686f73743a333030302f45636f6d576562536974652d6d61696e322f5369746525323057656225323045636f6d6d657263652f6261636b656e642f494d414745532f50484f4e452f3132253230702e6d61782e6a706567, '2023-12-07 22:58:24', 'IPHONE 12 PRO MAX'),
(16, 8, 2, 11250, 0x687474703a2f2f6c6f63616c686f73743a333030302f45636f6d576562536974652d6d61696e322f5369746525323057656225323045636f6d6d657263652f6261636b656e642f494d414745532f50484f4e452f733233253230756c7472612e6a7067, '2023-12-07 22:58:24', 'SAMSUNG S23 ULTRA'),
(20, 10, 2, 12023, 0x687474703a2f2f6c6f63616c686f73743a333030302f45636f6d576562536974652d6d61696e322f5369746525323057656225323045636f6d6d657263652f6261636b656e642f494d414745532f50432f6d63626f6f6b253230313325323070726f2e6a706567, '2023-12-07 23:07:07', 'MACKBOOK 13 PRO'),
(21, 10, 1, 10150, 0x687474703a2f2f6c6f63616c686f73743a333030302f45636f6d576562536974652d6d61696e322f5369746525323057656225323045636f6d6d657263652f6261636b656e642f494d414745532f50484f4e452f3132253230702e6d61782e6a706567, '2023-12-07 23:07:07', 'IPHONE 12 PRO MAX'),
(22, 10, 3, 11250, 0x687474703a2f2f6c6f63616c686f73743a333030302f45636f6d576562536974652d6d61696e322f5369746525323057656225323045636f6d6d657263652f6261636b656e642f494d414745532f50484f4e452f733233253230756c7472612e6a7067, '2023-12-07 23:07:07', 'SAMSUNG S23 ULTRA'),
(23, 11, 3, 11250, 0x687474703a2f2f6c6f63616c686f73743a333030302f45636f6d576562536974652d6d61696e322f5369746525323057656225323045636f6d6d657263652f6261636b656e642f494d414745532f50484f4e452f733233253230756c7472612e6a7067, '2023-12-08 16:58:49', 'SAMSUNG S23 ULTRA'),
(24, 11, 2, 250, 0x687474703a2f2f6c6f63616c686f73742f45636f6d576562536974652d6d61696e322f5369746525323057656225323045636f6d6d657263652f6261636b656e642f494d414745532f50484f4e452f31332d536d61727470686f6e652d44657461696c2d506167652d2d2d4578746572696f722831292e6a7067, '2023-12-08 16:58:49', 'oppo f11'),
(25, 12, 3, 11250, 0x687474703a2f2f6c6f63616c686f73743a333030302f45636f6d576562536974652d6d61696e322f5369746525323057656225323045636f6d6d657263652f6261636b656e642f494d414745532f50484f4e452f733233253230756c7472612e6a7067, '2023-12-08 17:00:22', 'SAMSUNG S23 ULTRA'),
(26, 12, 2, 250, 0x687474703a2f2f6c6f63616c686f73742f45636f6d576562536974652d6d61696e322f5369746525323057656225323045636f6d6d657263652f6261636b656e642f494d414745532f50484f4e452f31332d536d61727470686f6e652d44657461696c2d506167652d2d2d4578746572696f722831292e6a7067, '2023-12-08 17:00:23', 'oppo f11'),
(27, 13, 3, 11250, 0x687474703a2f2f6c6f63616c686f73743a333030302f45636f6d576562536974652d6d61696e322f5369746525323057656225323045636f6d6d657263652f6261636b656e642f494d414745532f50484f4e452f733233253230756c7472612e6a7067, '2023-12-08 17:06:03', 'SAMSUNG S23 ULTRA'),
(28, 13, 2, 250, 0x687474703a2f2f6c6f63616c686f73742f45636f6d576562536974652d6d61696e322f5369746525323057656225323045636f6d6d657263652f6261636b656e642f494d414745532f50484f4e452f31332d536d61727470686f6e652d44657461696c2d506167652d2d2d4578746572696f722831292e6a7067, '2023-12-08 17:06:03', 'oppo f11'),
(29, 14, 4, 11250, 0x687474703a2f2f6c6f63616c686f73743a333030302f45636f6d576562536974652d6d61696e322f5369746525323057656225323045636f6d6d657263652f6261636b656e642f494d414745532f50484f4e452f733233253230756c7472612e6a7067, '2023-12-11 11:15:24', 'SAMSUNG S23 ULTRA'),
(30, 14, 2, 250, 0x687474703a2f2f6c6f63616c686f73742f45636f6d576562536974652d6d61696e322f5369746525323057656225323045636f6d6d657263652f6261636b656e642f494d414745532f50484f4e452f31332d536d61727470686f6e652d44657461696c2d506167652d2d2d4578746572696f722831292e6a7067, '2023-12-11 11:15:24', 'oppo f11'),
(31, 14, 0, 11250, 0x687474703a2f2f6c6f63616c686f73742f45636f6d576562536974652d6d61696e322f5369746525323057656225323045636f6d6d657263652f6261636b656e642f494d414745532f50484f4e452f733233253230756c7472612e6a7067, '2023-12-11 11:15:25', 'SAMSUNG S23 ULTRA'),
(32, 15, 3, 14150, 0x687474703a2f2f6c6f63616c686f73743a333030302f45636f6d576562536974652d6d61696e322f5369746525323057656225323045636f6d6d657263652f6261636b656e642f494d414745532f50484f4e452f3133253230702e6d61782e6a706567, '2023-12-12 10:34:16', 'IPHONE 13 PRO MAX'),
(33, 15, 2, 11250, 0x687474703a2f2f6c6f63616c686f73743a333030302f45636f6d576562536974652d6d61696e322f5369746525323057656225323045636f6d6d657263652f6261636b656e642f494d414745532f50484f4e452f733233253230756c7472612e6a7067, '2023-12-12 10:34:16', 'SAMSUNG S23 ULTRA'),
(34, 16, 2, 14150, 0x687474703a2f2f6c6f63616c686f73743a333030302f45636f6d576562536974652d6d61696e322f5369746525323057656225323045636f6d6d657263652f6261636b656e642f494d414745532f50484f4e452f3133253230702e6d61782e6a706567, '2023-12-12 12:27:32', 'IPHONE 13 PRO MAX'),
(35, 16, 2, 11250, 0x687474703a2f2f6c6f63616c686f73743a333030302f45636f6d576562536974652d6d61696e322f5369746525323057656225323045636f6d6d657263652f6261636b656e642f494d414745532f50484f4e452f733233253230756c7472612e6a7067, '2023-12-12 12:27:32', 'SAMSUNG S23 ULTRA'),
(36, 16, 0, 14150, 0x687474703a2f2f6c6f63616c686f73742f45636f6d576562536974652d6d61696e322f5369746525323057656225323045636f6d6d657263652f6261636b656e642f494d414745532f50484f4e452f3133253230702e6d61782e6a706567, '2023-12-12 12:27:32', 'IPHONE 13 PRO MAX'),
(37, 17, 2, 14150, 0x687474703a2f2f6c6f63616c686f73743a333030302f45636f6d576562536974652d6d61696e322f5369746525323057656225323045636f6d6d657263652f6261636b656e642f494d414745532f50484f4e452f3133253230702e6d61782e6a706567, '2023-12-12 12:36:44', 'IPHONE 13 PRO MAX'),
(38, 17, 2, 11250, 0x687474703a2f2f6c6f63616c686f73743a333030302f45636f6d576562536974652d6d61696e322f5369746525323057656225323045636f6d6d657263652f6261636b656e642f494d414745532f50484f4e452f733233253230756c7472612e6a7067, '2023-12-12 12:36:44', 'SAMSUNG S23 ULTRA'),
(39, 17, 0, 14150, 0x687474703a2f2f6c6f63616c686f73742f45636f6d576562536974652d6d61696e322f5369746525323057656225323045636f6d6d657263652f6261636b656e642f494d414745532f50484f4e452f3133253230702e6d61782e6a706567, '2023-12-12 12:36:44', 'IPHONE 13 PRO MAX'),
(40, 18, 2, 14150, 0x687474703a2f2f6c6f63616c686f73743a333030302f45636f6d576562536974652d6d61696e322f5369746525323057656225323045636f6d6d657263652f6261636b656e642f494d414745532f50484f4e452f3133253230702e6d61782e6a706567, '2023-12-12 12:41:24', 'IPHONE 13 PRO MAX'),
(41, 18, 2, 11250, 0x687474703a2f2f6c6f63616c686f73743a333030302f45636f6d576562536974652d6d61696e322f5369746525323057656225323045636f6d6d657263652f6261636b656e642f494d414745532f50484f4e452f733233253230756c7472612e6a7067, '2023-12-12 12:41:24', 'SAMSUNG S23 ULTRA'),
(42, 18, 0, 14150, 0x687474703a2f2f6c6f63616c686f73742f45636f6d576562536974652d6d61696e322f5369746525323057656225323045636f6d6d657263652f6261636b656e642f494d414745532f50484f4e452f3133253230702e6d61782e6a706567, '2023-12-12 12:41:25', 'IPHONE 13 PRO MAX'),
(43, 19, 2, 14150, 0x687474703a2f2f6c6f63616c686f73743a333030302f45636f6d576562536974652d6d61696e322f5369746525323057656225323045636f6d6d657263652f6261636b656e642f494d414745532f50484f4e452f3133253230702e6d61782e6a706567, '2023-12-12 13:19:45', 'IPHONE 13 PRO MAX'),
(44, 19, 2, 11250, 0x687474703a2f2f6c6f63616c686f73743a333030302f45636f6d576562536974652d6d61696e322f5369746525323057656225323045636f6d6d657263652f6261636b656e642f494d414745532f50484f4e452f733233253230756c7472612e6a7067, '2023-12-12 13:19:45', 'SAMSUNG S23 ULTRA'),
(45, 19, 0, 14150, 0x687474703a2f2f6c6f63616c686f73742f45636f6d576562536974652d6d61696e322f5369746525323057656225323045636f6d6d657263652f6261636b656e642f494d414745532f50484f4e452f3133253230702e6d61782e6a706567, '2023-12-12 13:19:46', 'IPHONE 13 PRO MAX'),
(46, 20, 2, 7990, 0x687474703a2f2f6c6f63616c686f73743a333030302f45636f6d576562536974652d6d61696e322f5369746525323057656225323045636f6d6d657263652f6261636b656e642f494d414745532f50484f4e452f6970686f6e655f31325f76657272652e6a7067, '2023-12-15 13:26:58', 'iPhone 12'),
(47, 20, 1, 1299.99, 0x687474703a2f2f6c6f63616c686f73743a333030302f45636f6d576562536974652d6d61696e322f5369746525323057656225323045636f6d6d657263652f6261636b656e642f494d414745532f54562f534f4e592532304c45442532304b442d36355838304c2e6a7067, '2023-12-15 13:26:58', 'SONY LED KD-65X80L'),
(48, 20, 1, 1299.99, 0x687474703a2f2f6c6f63616c686f73743a333030302f45636f6d576562536974652d6d61696e322f5369746525323057656225323045636f6d6d657263652f6261636b656e642f494d414745532f50432f41535553253230504350463537312532304937253230313038373048253230384725323035313247253230424c41434b2e6a7067, '2023-12-15 13:26:59', 'ASUS PCPF571 I7 10870H 8G 512G'),
(49, 20, 1, 5999.9, 0x687474703a2f2f6c6f63616c686f73742f45636f6d576562536974652d6d61696e322f5369746525323057656225323045636f6d6d657263652f6261636b656e642f494d414745532f50484f4e452f53414d53554e47253230413234253230313238253230474f25323053494c5645522e6a7067, '2023-12-15 13:26:59', 'SAMSUNG A24 128 GO SILVER'),
(50, 20, 1, 16950, 0x687474703a2f2f6c6f63616c686f73742f45636f6d576562536974652d6d61696e322f5369746525323057656225323045636f6d6d657263652f6261636b656e642f494d414745532f50484f4e452f31332d536d61727470686f6e652d44657461696c2d506167652d2d2d4578746572696f722831292e6a7067, '2023-12-15 13:26:59', 'IPHONE 14 PRO MAX');

-- --------------------------------------------------------

--
-- Table structure for table `telephone`
--

CREATE TABLE `telephone` (
  `id_tel` int(11) NOT NULL,
  `nom_tele` varchar(50) NOT NULL,
  `prix` float NOT NULL,
  `description` varchar(200) NOT NULL,
  `marque` varchar(30) NOT NULL,
  `taille_ecran` varchar(20) NOT NULL,
  `ram` int(11) NOT NULL,
  `stockage` int(11) NOT NULL,
  `se` varchar(30) NOT NULL,
  `reseau` varchar(15) NOT NULL,
  `couleur` varchar(30) NOT NULL,
  `qualite_camera` varchar(30) NOT NULL,
  `poids` float NOT NULL,
  `hauteur` float NOT NULL,
  `largeur` float NOT NULL,
  `profondeur` float NOT NULL,
  `stock` int(11) NOT NULL,
  `image` text NOT NULL,
  `battery` varchar(30) NOT NULL
) ENGINE=InnoDB DEFAULT CHARSET=utf8mb4 COLLATE=utf8mb4_general_ci;

--
-- Dumping data for table `telephone`
--

INSERT INTO `telephone` (`id_tel`, `nom_tele`, `prix`, `description`, `marque`, `taille_ecran`, `ram`, `stockage`, `se`, `reseau`, `couleur`, `qualite_camera`, `poids`, `hauteur`, `largeur`, `profondeur`, `stock`, `image`, `battery`) VALUES
(25, 'IPHONE 13 PRO MAX', 14150, 'GOOD PHONE TO DEAL THIS', 'apple', '6.60\"', 8, 512, 'ios', '5g', 'dark green', '48mp', 166, 125, 54, 62, 57, '13 p.max.jpeg', ''),
(26, 'IPHONE 14 PRO MAX', 16950, 'GOOD PHONE TO BUY IT', 'apple', '6.60\"', 12, 512, 'ios', '5g', 'blue', '48mp', 166, 125, 54, 62, 40, '13-Smartphone-Detail-Page---Exterior(1).jpg', ''),
(28, 'iphone 15 pro max', 15684, 'good phone', 'apple', '6.60\"', 8, 128, 'ios 17', '5g', 'white', '48mp', 166, 125, 54, 62, 12, 'OIP (1).jpeg', ''),
(29, 'SAMSUNG S23 ULTRA', 11250, 'GOOD WORKING', 'SAMSUNG', '6.90\"', 12, 1028, 'ANDROID', '5g', 'BROWN', '128MP', 189, 125, 54, 62, 85, 's23 ultra.jpg', ''),
(30, 'iPhone 12', 7990, 'Apple iPhone 12 with A14 Bionic chip', 'Apple', '6.1 inches', 4, 64, 'iOS 14', '5G', 'green', '12 MP', 164, 146.7, 71.5, 7.4, 50, 'iphone_12_verre.jpg', '2815 mAh'),
(31, 'iPhone 11 Pro', 9990, 'Apple iPhone 11 Pro with LiDAR Scanner', 'Apple', '6.1 inches', 6, 128, 'iOS 14', '5G', 'Silver', '12 MP + 12 MP + 12 MP', 189, 146.7, 71.5, 7.4, 50, '11_pro.jpeg', '2815 mAh'),
(32, 'iPhone 13 pro', 6990, 'Small but powerful iPhone 13 pro', 'Apple', '5.4 inches', 4, 512, 'iOS 14', '5G', 'Black', '12 MP', 133, 131.5, 64.2, 7.4, 50, '13 pro black.jpg', '3227 mAh'),
(33, 'iPhone 11', 5990, 'Apple iPhone 11 with dual-camera system', 'Apple', '6.1 inches', 4, 64, 'iOS 13', '4G', 'Black', '12 MP + 12 MP', 194, 150.9, 75.7, 8.3, 50, 'iphone_11_black.jpg', '3110 mAh'),
(34, 'iPhone XR', 4990, 'Apple iPhone XR with Liquid Retina Display', 'Apple', '6.1 inches', 3, 64, 'iOS 16', '4G', 'Coral', '12 MP', 194, 150.9, 75.7, 8.3, 50, 'xr black.jpg', '2942 mAh'),
(35, 'iPhone 13', 6990, 'Apple iPhone 13 with Face ID', 'Apple', '5.8 inches', 6, 64, 'iOS 17', '4G', 'Blue', '12 MP + 28 MP', 174, 143.6, 70.9, 7.7, 50, 'iphone_13_blue.jpg', '2916 mAh'),
(36, 'iPhone 14', 11990, 'Apple iPhone 14 with latest features', 'Apple', '6.5 inches', 6, 256, 'iOS 16', '5G', 'Blue', '16 MP + 12 MP', 180, 158.6, 78.1, 7.4, 50, 'iphone_14_blue_.jpg', '3500 mAh'),
(37, 'SAMSUNG A24 128 GO SILVER', 5999.9, 'Mid-range smartphone', 'Samsung', '6.3', 6, 128, 'Android', '4G', 'Silver', 'Good', 175, 157.8, 73.7, 8.2, 90, 'SAMSUNG A24 128 GO SILVER.jpg', '4000 mAh'),
(38, 'SAMSUNG A24 128 GO NOIR', 5999.9, 'Mid-range smartphone', 'Samsung', '6.3', 6, 128, 'Android', '4G', 'Noir', 'Good', 175, 157.8, 73.7, 8.2, 90, 'SAMSUNG A24 128 GO NOIR.jpg', '4000 mAh'),
(39, 'SAMSUNG A14 NOIR', 3499.9, 'Budget-friendly', 'Samsung', '6.2', 4, 64, 'Android', '4G', 'Noir', 'Basic', 155, 146.5, 70.5, 7.9, 120, 'SAMSUNG A14 NOIR.jpg', '3000 mAh'),
(40, 'SAMSUNG A14 128 GO SILVER', 3999.9, 'Budget-friendly', 'Samsung', '6.2', 6, 128, 'Android', '4G', 'Silver', 'Basic', 160, 147.4, 71.6, 7.8, 100, 'SAMSUNG A14 128 GO SILVER.jpg', '3500 mAh'),
(41, 'SAMSUNG A54 256 GO BLANC', 6999.9, 'Mid-range smartphone', 'Samsung', '6.5', 8, 256, 'Android', '5G', 'Blanc', 'Very Good', 185, 160.6, 74.1, 8.6, 70, 'SAMSUNG A54 256 GO BLANC.jpg', '4500 mAh'),
(42, 'SAMSUNG A54 256 GO GRAPHITE', 6999.9, 'Mid-range smartphone', 'Samsung', '6.5', 8, 256, 'Android', '5G', 'Graphite', 'Very Good', 185, 160.6, 74.1, 8.6, 70, 'SAMSUNG A54 256 GO GRAPHITE.jpg', '4500 mAh'),
(43, 'SAMSUNG A34 128 GO SILVER', 4999.9, 'Mid-range smartphone', 'Samsung', '6.4', 6, 128, 'Android', '4G', 'Silver', 'Good', 178, 159.9, 73.1, 8.1, 80, 'SAMSUNG A34 128 GO SILVER.jpg', '4000 mAh'),
(44, 'SAMSUNG S23 ULTRA 256 GO VERT', 11999.9, 'Ultimate flagship', 'Samsung', '6.9', 16, 256, 'Android', '5G', 'Vert', 'Exceptional', 225, 166.9, 76, 8.9, 30, 'SAMSUNG S23 ULTRA 256 GO VERT.jpg', '5000 mAh'),
(45, 'SAMSUNG A04S 128 GO COPPER', 2799.9, 'Budget-friendly', 'Samsung', '6.5', 3, 128, 'Android', '4G', 'Copper', 'Basic', 165, 164.2, 75.9, 8.7, 150, 'SAMSUNG A04S 128 GO COPPER.jpg', '5000 mAh'),
(46, 'SAMSUNG A04S 128 GO NOIR', 2799.9, 'Budget-friendly', 'Samsung', '6.5', 3, 128, 'Android', '4G', 'Noir', 'Basic', 165, 164.2, 75.9, 8.7, 150, 'SAMSUNG A04S 128GO NOIR.jpg', '5000 mAh'),
(47, 'HUAWEI NOVA Y70 4G 128 BLEU', 3499.9, 'Mid-range smartphone', 'Huawei', '6.5', 4, 128, 'Android', '4G', 'Bleu', 'Basic', 160, 160.6, 74.6, 8.2, 100, 'HUAWEI NOVA Y70 4G 128 BLEU.jpg', '4000 mAh'),
(48, 'HUAWEI SMARTPHONE NOVA 9SE 8G/128 BLUE', 6999.9, 'Mid-range smartphone', 'Huawei', '6.57', 8, 128, 'Android', '4G', 'Blue', 'Very Good', 178, 163.5, 74.8, 7.6, 80, 'HUAWEI SMARTPHONE NOVA BLUE.jpg', '4200 mAh'),
(49, 'HUAWEI SMARTPHONE NOVA 9 HMS BLEU', 7499.9, 'Mid-range smartphone', 'Huawei', '6.57', 6, 256, 'Android', '4G', 'Bleu', 'Good', 170, 162.5, 74.8, 7.5, 90, 'HUAWEI SMARTPHONE NOVA 9 HMS BLEU.jpg', '4000 mAh'),
(50, 'HUAWEI SMARTPHONE NOVA 9 HMS BLACK', 7499.9, 'Mid-range smartphone', 'Huawei', '6.57', 6, 256, 'Android', '4G', 'Black', 'Good', 170, 162.5, 74.8, 7.5, 90, 'HUAWEI SMARTPHONE NOVA 9 HMS BLACK.jpg', '4000 mAh'),
(51, 'HUAWEI SMARTPHONE NOVA8I HMS BLEU', 4999.9, 'Mid-range smartphone', 'Huawei', '6.67', 6, 128, 'Android', '4G', 'Bleu', 'Good', 175, 162.3, 75.9, 8.6, 80, 'HUAWEI SMARTPHONE NOVA8I HMS BLEU.jpg', '4300 mAh'),
(52, 'HUAWEI SMARTPHONE NOVA Y60 GREEN', 2799.9, 'Budget-friendly', 'Huawei', '6.3', 3, 64, 'Android', '4G', 'Green', 'Basic', 160, 163.5, 74.8, 8.4, 120, 'HUAWEI SMARTPHONE NOVA Y60 GREEN.jpg', '4000 mAh'),
(53, 'HUAWEI SMARTPHONE NOVA 9SE 8G/128 WHITE', 6999.9, 'Mid-range smartphone', 'Huawei', '6.57', 8, 128, 'Android', '4G', 'White', 'Very Good', 178, 163.5, 74.8, 7.6, 80, 'HUAWEI SMARTPHONE NOVA 9SE 8G 128 WHITE.jpg', '4200 mAh'),
(54, 'HUAWEI SMARTPHONE NOVA 9SE 8G/128 BLACK', 6999.9, 'Mid-range smartphone', 'Huawei', '6.57', 8, 128, 'Android', '4G', 'Black', 'Very Good', 178, 163.5, 74.8, 7.6, 80, 'HUAWEI SMARTPHONE NOVA 9SE 8G 128  BLACK.jpg', '4200 mAh'),
(55, 'XIAOMI REDMI A1+ 32 GO NOIR', 2999.9, 'Budget-friendly', 'Xiaomi', '5.5', 4, 32, 'Android', '4G', 'Noir', 'Basic', 150, 155.4, 75.8, 7.3, 120, 'XIAOMI REDMI A1+ 32 GO NOIR.jpg', '3500 mAh'),
(56, 'XIAOMI REDMI12C 64GO GRIS', 4499.9, 'Mid-range smartphone', 'Xiaomi', '6.0', 6, 64, 'Android', '4G', 'Gris', 'Good', 165, 162.3, 77.3, 8.8, 80, 'XIAOMI REDMI12C 64GO GRIS.jpg', '4000 mAh'),
(57, 'XIAOMI REDMI12C 128 GO GRIS', 4999.9, 'Mid-range smartphone', 'Xiaomi', '6.1', 6, 128, 'Android', '4G', 'Gris', 'Good', 170, 163.3, 77.7, 8.5, 70, 'XIAOMI REDMI12C 128 GO GRIS.jpg', '4500 mAh'),
(58, 'XIAOMI NOTE10S BLEU', 5999.9, 'Mid-range smartphone', 'Xiaomi', '6.4', 6, 128, 'Android', '4G', 'Bleu', 'Very Good', 178, 165.8, 76.7, 8.8, 60, 'XIAOMI NOTE10S BLEU.jpg', '5000 mAh'),
(59, 'XIAOMI NOTE11S 8G 128G 6,43\'\' GRAPHITE', 7999.9, 'High-end smartphone', 'Xiaomi', '6.43', 8, 128, 'Android', '4G', 'Graphite', 'Excellent', 185, 161.8, 76.6, 7.8, 40, 'XIAOMI NOTE11S 8G 128G 6,43 GRAPHITE.jpg', '4800 mAh');

-- --------------------------------------------------------

--
-- Table structure for table `tv`
--

CREATE TABLE `tv` (
  `id_tv` int(11) NOT NULL,
  `nom_tv` varchar(50) NOT NULL,
  `prix` float NOT NULL,
  `description` varchar(200) NOT NULL,
  `marque` varchar(30) NOT NULL,
  `taille_ecran` varchar(20) NOT NULL,
  `type_ecran` int(11) NOT NULL,
  `smart_tv` varchar(8) NOT NULL,
  `norme_hd` varchar(30) NOT NULL,
  `resolution` varchar(40) NOT NULL,
  `wifi` varchar(30) NOT NULL,
  `type_eclairage` varchar(30) NOT NULL,
  `poids` float NOT NULL,
  `hauteur` float NOT NULL,
  `largeur` float NOT NULL,
  `profondeur` float NOT NULL,
  `stock` int(11) NOT NULL,
  `image` blob NOT NULL
) ENGINE=InnoDB DEFAULT CHARSET=utf8mb4 COLLATE=utf8mb4_general_ci;

--
-- Dumping data for table `tv`
--

INSERT INTO `tv` (`id_tv`, `nom_tv`, `prix`, `description`, `marque`, `taille_ecran`, `type_ecran`, `smart_tv`, `norme_hd`, `resolution`, `wifi`, `type_eclairage`, `poids`, `hauteur`, `largeur`, `profondeur`, `stock`, `image`) VALUES
(4, 'samsung QLED', 6849, 'good tv', 'samsung', '62\"', 0, 'oui', 'oui', '1584*65', 'oui', 'manuel', 802, 45, 62, 12, 25, 0x716c65642074762e6a7067),
(5, 'SAMSUNG QLED QA65Q60CAUXMV 4K', 15999.9, 'High-end QLED TV', 'Samsung', '65', 0, 'Yes', '4K', 'UHD', 'Yes', 'Direct LED', 25, 83.4, 145.8, 5.9, 20, 0x53414d53554e4720514c45442051413635513630434155584d5620344b2e6a7067),
(6, 'ELEXIA 55EFSS2U-23', 8999.9, '55-inch Full HD Smart TV', 'ELEXIA', '55', 0, 'Yes', 'Full HD', 'FHD', 'Yes', 'Edge LED', 18, 77.8, 124.3, 6.1, 30, 0x454c455849412035354546535332552d32332e6a706567),
(7, 'SONY LED KD-65X80L', 12999.9, '65-inch 4K LED TV', 'Sony', '65', 0, 'Yes', '4K', 'UHD', 'Yes', 'Direct LED', 22, 83.3, 145, 8, 15, 0x534f4e59204c4544204b442d36355838304c2e6a7067),
(8, 'SKYWORTH LED 65SUE9350 4K', 10999.9, '65-inch 4K UHD Smart TV', 'SKYWORTH', '65', 0, 'Yes', '4K', 'UHD', 'Yes', 'Direct LED', 21, 84, 145.8, 8.3, 25, 0x534b59574f525448204c45442036355355453933353020344b2e6a7067),
(9, 'SAMSUNG LED UA65CU8000UXMV', 13999.9, '65-inch 4K UHD LED TV', 'Samsung', '65', 0, 'Yes', '4K', 'UHD', 'Yes', 'Direct LED', 23, 83.1, 144.6, 6, 18, 0x53414d53554e47204c4544205541363543553830303055584d562e6a7067),
(10, 'SAMSUNG LED UA65CU7000UXMV 4K', 12999.9, '65-inch 4K UHD LED TV', 'Samsung', '65', 0, 'Yes', '4K', 'UHD', 'Yes', 'Direct LED', 22, 83.2, 145.2, 6.5, 20, 0x53414d53554e47204c4544205541363543553730303055584d5620344b2e6a7067),
(11, 'SAMSUNG LED UA58CU7000UXMV 4K', 10999.9, '58-inch 4K UHD LED TV', 'Samsung', '58', 0, 'Yes', '4K', 'UHD', 'Yes', 'Direct LED', 18, 74, 129.7, 6, 30, 0x53414d53554e4720514c45442051413735513630424155584d5620344b2e6a7067),
(12, 'LG LED 86UR80006LA 4K', 25999.9, '86-inch 4K UHD Smart TV', 'LG', '86', 0, 'Yes', '4K', 'UHD', 'Yes', 'Direct LED', 38, 112.1, 194.5, 9.2, 10, 0x4c47204c4544203836555238303030364c4120344b2e6a7067),
(13, 'LG LED 43UQ75006 4K', 6999.9, '43-inch 4K UHD Smart TV', 'LG', '43', 0, 'Yes', '4K', 'UHD', 'Yes', 'Direct LED', 15, 97.4, 62.8, 18.9, 40, 0x4c47204c45442034335551373530303620344b2e6a7067),
(14, 'LG LED 65UP7760PVB 4K', 12999.9, '65-inch 4K UHD Smart TV', 'LG', '65', 0, 'Yes', '4K', 'UHD', 'Yes', 'Direct LED', 22, 91.1, 146.3, 24.1, 15, 0x4c47204c454420363555503737363050564220344b2e6a7067),
(15, 'SAMSUNG QLED QA50Q60C 4K', 11999.9, '50-inch 4K QLED Smart TV', 'Samsung', '50', 0, 'Yes', '4K', 'UHD', 'Yes', 'Direct LED', 20, 72.2, 112.9, 5.9, 25, 0x53414d53554e4720514c454420514135305136304320344b2e6a7067),
(16, 'SKYWORTH LED 43STE6600', 4999.9, '43-inch Full HD Smart TV', 'SKYWORTH', '43', 0, 'Yes', 'Full HD', 'FHD', 'Yes', 'Direct LED', 13, 97.1, 62.3, 18.2, 30, 0x534b59574f525448204c4544203433535445363630302e6a7067),
(17, 'SKYWORTH LED 32STE6600', 2999.9, '32-inch HD Smart TV', 'SKYWORTH', '32', 0, 'Yes', 'HD', 'HD', 'Yes', 'Direct LED', 8, 73.2, 45.5, 18, 50, 0x534b59574f525448204c4544203332535445363630302e6a7067),
(18, 'LG 65CS3VA', 15999.9, '65-inch OLED 4K Smart TV', 'LG', '65', 0, 'Yes', '4K', 'UHD', 'Yes', 'OLED', 22, 83.1, 144.9, 5.1, 15, 0x4c4720363543533356412e6a7067),
(19, 'LG LED 50NANO776RA 4K', 8499.9, '50-inch NanoCell 4K Smart TV', 'LG', '50', 0, 'Yes', '4K', 'UHD', 'Yes', 'Direct LED', 18, 72.6, 112.5, 23.1, 30, 0x4c47204c45442035304e414e4f373736524120344b2e6a7067),
(20, 'TCL QLED 55C725', 9999.9, '55-inch QLED 4K Android TV', 'TCL', '55', 0, 'Yes', '4K', 'UHD', 'Yes', 'Direct LED', 18, 77.1, 123.1, 7.8, 25, 0x54434c20514c4544203535433732352e6a7067),
(21, 'SAMSUNG QLED QA75Q60BAUXMV 4K', 21999.9, 'High-end QLED TV', 'Samsung', '75', 0, 'Yes', '4K', 'UHD', 'Yes', 'Direct LED', 30, 105.1, 183.4, 6, 10, 0x53414d53554e4720514c45442051413735513630424155584d5620344b2e6a7067);

-- --------------------------------------------------------

--
-- Table structure for table `users`
--

CREATE TABLE `users` (
  `id_user` int(11) NOT NULL,
  `nom` varchar(30) NOT NULL,
  `prenom` varchar(40) NOT NULL,
  `email` varchar(50) NOT NULL,
  `pass` varchar(100) NOT NULL,
  `token` int(11) DEFAULT NULL,
  `token_expire` time DEFAULT NULL,
  `phone` varchar(32) NOT NULL,
  `created_at` timestamp NOT NULL DEFAULT current_timestamp() ON UPDATE current_timestamp()
) ENGINE=InnoDB DEFAULT CHARSET=utf8mb4 COLLATE=utf8mb4_general_ci;

--
-- Dumping data for table `users`
--

INSERT INTO `users` (`id_user`, `nom`, `prenom`, `email`, `pass`, `token`, `token_expire`, `phone`, `created_at`) VALUES
(1, 'anas', 'en-naqadi', 'anasnakdi0@gmail.com', 'anasnakdi12', NULL, NULL, '', '2023-12-01 21:23:32'),
(6, 'nakdi', 'anas', 'chouaabri@gmail.com', '$2y$10$VmqhJw1yN61Pxq8.KyehaeUzvzJ0tY62oJYyBhHbuoRlW2cVFM136', NULL, NULL, '0628540272', '2023-12-01 21:23:32'),
(7, 'yahya', 'khair', 'yahyakhair7@gmail.com', '$2y$10$6OUVVt5s6fweqVmzQ3h43.zlu0oQBd4C/IL0e0yhQXosq2gAz9JT6', NULL, NULL, '0625487154', '2023-12-15 12:35:54');

-- --------------------------------------------------------

--
-- Table structure for table `ventes`
--

CREATE TABLE `ventes` (
  `id_vnt` int(11) NOT NULL,
  `nom_prod` varchar(100) NOT NULL,
  `prix_prod` float NOT NULL,
  `quantite` int(11) NOT NULL,
  `image` blob NOT NULL,
  `total` float NOT NULL,
  `acheter_au` timestamp NOT NULL DEFAULT current_timestamp() ON UPDATE current_timestamp()
) ENGINE=InnoDB DEFAULT CHARSET=utf8mb4 COLLATE=utf8mb4_general_ci;

--
-- Dumping data for table `ventes`
--

INSERT INTO `ventes` (`id_vnt`, `nom_prod`, `prix_prod`, `quantite`, `image`, `total`, `acheter_au`) VALUES
(1, 'MACKBOOK 13 PRO', 12023, 2, 0x687474703a2f2f6c6f63616c686f73743a333030302f45636f6d576562536974652d6d61696e322f5369746525323057656225323045636f6d6d657263652f6261636b656e642f494d414745532f50432f6d63626f6f6b253230313325323070726f2e6a706567, 24046, '2023-12-08 17:08:02'),
(2, 'IPHONE 12 PRO MAX', 10150, 1, 0x687474703a2f2f6c6f63616c686f73743a333030302f45636f6d576562536974652d6d61696e322f5369746525323057656225323045636f6d6d657263652f6261636b656e642f494d414745532f50484f4e452f3132253230702e6d61782e6a706567, 34196, '2023-12-08 17:08:02'),
(3, 'SAMSUNG S23 ULTRA', 11250, 3, 0x687474703a2f2f6c6f63616c686f73743a333030302f45636f6d576562536974652d6d61696e322f5369746525323057656225323045636f6d6d657263652f6261636b656e642f494d414745532f50484f4e452f733233253230756c7472612e6a7067, 67946, '2023-12-08 17:08:02'),
(4, 'SAMSUNG S23 ULTRA', 11250, 3, 0x687474703a2f2f6c6f63616c686f73743a333030302f45636f6d576562536974652d6d61696e322f5369746525323057656225323045636f6d6d657263652f6261636b656e642f494d414745532f50484f4e452f733233253230756c7472612e6a7067, 33750, '2023-12-08 17:08:02'),
(5, 'oppo f11', 250, 2, 0x687474703a2f2f6c6f63616c686f73742f45636f6d576562536974652d6d61696e322f5369746525323057656225323045636f6d6d657263652f6261636b656e642f494d414745532f50484f4e452f31332d536d61727470686f6e652d44657461696c2d506167652d2d2d4578746572696f722831292e6a7067, 34250, '2023-12-08 17:08:02'),
(6, 'SAMSUNG S23 ULTRA', 11250, 3, 0x687474703a2f2f6c6f63616c686f73743a333030302f45636f6d576562536974652d6d61696e322f5369746525323057656225323045636f6d6d657263652f6261636b656e642f494d414745532f50484f4e452f733233253230756c7472612e6a7067, 33750, '2023-12-08 17:08:02'),
(7, 'oppo f11', 250, 2, 0x687474703a2f2f6c6f63616c686f73742f45636f6d576562536974652d6d61696e322f5369746525323057656225323045636f6d6d657263652f6261636b656e642f494d414745532f50484f4e452f31332d536d61727470686f6e652d44657461696c2d506167652d2d2d4578746572696f722831292e6a7067, 500, '2023-12-08 17:08:02'),
(8, 'SAMSUNG S23 ULTRA', 11250, 3, 0x687474703a2f2f6c6f63616c686f73743a333030302f45636f6d576562536974652d6d61696e322f5369746525323057656225323045636f6d6d657263652f6261636b656e642f494d414745532f50484f4e452f733233253230756c7472612e6a7067, 33750, '2023-12-08 17:08:46'),
(9, 'oppo f11', 250, 2, 0x687474703a2f2f6c6f63616c686f73742f45636f6d576562536974652d6d61696e322f5369746525323057656225323045636f6d6d657263652f6261636b656e642f494d414745532f50484f4e452f31332d536d61727470686f6e652d44657461696c2d506167652d2d2d4578746572696f722831292e6a7067, 500, '2023-12-08 17:08:47'),
(10, 'SAMSUNG S23 ULTRA', 11250, 3, 0x687474703a2f2f6c6f63616c686f73743a333030302f45636f6d576562536974652d6d61696e322f5369746525323057656225323045636f6d6d657263652f6261636b656e642f494d414745532f50484f4e452f733233253230756c7472612e6a7067, 33750, '2023-12-11 11:11:26'),
(11, 'oppo f11', 250, 2, 0x687474703a2f2f6c6f63616c686f73742f45636f6d576562536974652d6d61696e322f5369746525323057656225323045636f6d6d657263652f6261636b656e642f494d414745532f50484f4e452f31332d536d61727470686f6e652d44657461696c2d506167652d2d2d4578746572696f722831292e6a7067, 500, '2023-12-11 11:11:28');

-- --------------------------------------------------------

--
-- Table structure for table `watch`
--

CREATE TABLE `watch` (
  `id_watch` int(11) NOT NULL,
  `nom_watch` varchar(50) NOT NULL,
  `prix` float NOT NULL,
  `description` varchar(200) NOT NULL,
  `marque` varchar(30) NOT NULL,
  `diametre` varchar(20) NOT NULL,
  `poids` float NOT NULL,
  `hauteur` float NOT NULL,
  `largeur` float NOT NULL,
  `profondeur` float NOT NULL,
  `stock` int(11) NOT NULL,
  `image` blob NOT NULL,
  `couleur` varchar(30) NOT NULL
) ENGINE=InnoDB DEFAULT CHARSET=utf8mb4 COLLATE=utf8mb4_general_ci;

--
-- Dumping data for table `watch`
--

INSERT INTO `watch` (`id_watch`, `nom_watch`, `prix`, `description`, `marque`, `diametre`, `poids`, `hauteur`, `largeur`, `profondeur`, `stock`, `image`, `couleur`) VALUES
(13, 'aplle a6', 489, 'good watch', 'apple', '2.5', 4, 3, 4, 43, 45, 0x6170706c652077617463682e6a7067, ''),
(15, 'HUAWEI GT4 NOIR', 1999.9, 'Smartwatch', 'Huawei', '46', 52, 45.9, 45.9, 10.7, 50, 0x48554157454920475434204e4f49522e6a7067, 'Noir'),
(16, 'HUAWEI GT4 BLANC', 1999.9, 'Smartwatch', 'Huawei', '46', 52, 45.9, 45.9, 10.7, 30, 0x4855415745492047543420424c414e432e6a7067, 'Blanc'),
(17, 'HUAWEI GT4 MARRON', 1999.9, 'Smartwatch', 'Huawei', '46', 52, 45.9, 45.9, 10.7, 20, 0x48554157454920475434204d4152524f4e2e6a7067, 'Marron'),
(18, 'HUAWEI GT4 VERT', 1999.9, 'Smartwatch', 'Huawei', '46', 52, 45.9, 45.9, 10.7, 25, 0x4855415745492047543420564552542e6a7067, 'Vert'),
(19, 'HUAWEI GT3 SE NOIR', 1499.9, 'Smartwatch', 'Huawei', '46', 51, 46.2, 46.2, 12.1, 60, 0x48554157454920475433205345204e4f49522e77656270, 'Noir'),
(20, 'HUAWEI GT3 PRO', 1999.9, 'Smartwatch', 'Huawei', '46', 52, 45.9, 45.9, 10.7, 40, 0x485541574549204754332050524f2e6a706567, 'Silver'),
(21, 'HUAWEI BAND 8 SMART NOIR', 799.9, 'Fitness Tracker', 'Huawei', '1.64', 21, 46.7, 18.5, 10.7, 80, 0x4855415745492042414e44203820534d415254204e4f49522e6a7067, 'Noir'),
(22, 'HUAWEI BAND 8 SMART SAKURA', 799.9, 'Fitness Tracker', 'Huawei', '1.64', 21, 46.7, 18.5, 10.7, 70, 0x4855415745492042414e44203820534d4152542053414b5552412e6a7067, 'Sakura'),
(23, 'SAMSUNG WATCH 5 44MM SAPHIRE', 3499.9, 'Smartwatch', 'Samsung', '44', 42, 46.2, 46.2, 12.1, 30, 0x53414d53554e4720574154434820352034344d4d20534150484952452e6a7067, 'Saphire'),
(24, 'SAMSUNG WATCH6 47MM ASTRO CLASSIC', 3999.9, 'Smartwatch', 'Samsung', '47', 48, 46.9, 46.9, 12.4, 20, 0x53414d53554e47205741544348362034374d4d20415354524f20434c41535349432e6a7067, 'Astro Classic'),
(25, 'HUAWEI WTCH GT3 42MM ACTIVE', 1799.9, 'Smartwatch', 'Huawei', '42', 40, 46.5, 46.5, 10.8, 50, 0x4855415745492057544348204754332034324d4d204143544956452e6a7067, 'Active'),
(26, 'SAMSUNG SM-R870NZSAMEA SILVER', 3299.9, 'Smartwatch', 'Samsung', '44', 41, 46.2, 46.2, 12.1, 10, 0x4170706c65205761746368204865726d65732e6a706567, 'Silver'),
(27, 'SAMSUNG GALAXY WATCH4 44MM SM-R870NZK NOIR', 3499.9, 'Smartwatch', 'Samsung', '44', 42, 46.2, 46.2, 12.1, 15, 0x53414d53554e472047414c415859205741544348342034344d4d20534d2d523837304e5a4b204e4f49522e6a7067, 'Noir'),
(28, 'Apple Watch Series 9', 3999.9, 'Smartwatch', 'Apple', '44', 47, 46.4, 46.4, 10.7, 25, 0x4170706c652057617463682053657269657320392e6a706567, 'Space Gray'),
(29, 'Apple Watch Ultra 2', 4999.9, 'Smartwatch', 'Apple', '47', 50, 46.9, 46.9, 11.4, 10, 0x4170706c6520576174636820556c74726120322e6a706567, 'Silver'),
(30, 'Apple Watch SE', 2999.9, 'Smartwatch', 'Apple', '40', 36, 46.4, 46.4, 10.7, 35, 0x4170706c652057617463682053452e6a706567, 'Rose Gold'),
(31, 'Apple Watch Hermès', 9999.9, 'Luxury Smartwatch', 'Apple', '40', 36, 46.4, 46.4, 10.7, 5, 0x4170706c65205761746368204865726d65732e6a706567, 'Fauve Barénia Leather');

--
-- Indexes for dumped tables
--

--
-- Indexes for table `addresses`
--
ALTER TABLE `addresses`
  ADD PRIMARY KEY (`address_id`),
  ADD KEY `id_user` (`id_user`);

--
-- Indexes for table `commande`
--
ALTER TABLE `commande`
  ADD PRIMARY KEY (`id_cmd`),
  ADD KEY `id_user` (`id_user`),
  ADD KEY `address_id` (`address_id`);

--
-- Indexes for table `methode_pay`
--
ALTER TABLE `methode_pay`
  ADD PRIMARY KEY (`payment_id`),
  ADD KEY `id_user` (`id_user`);

--
-- Indexes for table `pannier`
--
ALTER TABLE `pannier`
  ADD PRIMARY KEY (`id_pan`),
  ADD KEY `id_user` (`id_user`);

--
-- Indexes for table `pc`
--
ALTER TABLE `pc`
  ADD PRIMARY KEY (`id_pc`);

--
-- Indexes for table `produit_cmd`
--
ALTER TABLE `produit_cmd`
  ADD PRIMARY KEY (`id_prodcmd`);

--
-- Indexes for table `telephone`
--
ALTER TABLE `telephone`
  ADD PRIMARY KEY (`id_tel`);

--
-- Indexes for table `tv`
--
ALTER TABLE `tv`
  ADD PRIMARY KEY (`id_tv`);

--
-- Indexes for table `users`
--
ALTER TABLE `users`
  ADD PRIMARY KEY (`id_user`);

--
-- Indexes for table `ventes`
--
ALTER TABLE `ventes`
  ADD PRIMARY KEY (`id_vnt`);

--
-- Indexes for table `watch`
--
ALTER TABLE `watch`
  ADD PRIMARY KEY (`id_watch`);

--
-- AUTO_INCREMENT for dumped tables
--

--
-- AUTO_INCREMENT for table `addresses`
--
ALTER TABLE `addresses`
  MODIFY `address_id` int(11) NOT NULL AUTO_INCREMENT, AUTO_INCREMENT=3;

--
-- AUTO_INCREMENT for table `commande`
--
ALTER TABLE `commande`
  MODIFY `id_cmd` int(11) NOT NULL AUTO_INCREMENT, AUTO_INCREMENT=21;

--
-- AUTO_INCREMENT for table `methode_pay`
--
ALTER TABLE `methode_pay`
  MODIFY `payment_id` int(11) NOT NULL AUTO_INCREMENT;

--
-- AUTO_INCREMENT for table `pannier`
--
ALTER TABLE `pannier`
  MODIFY `id_pan` int(11) NOT NULL AUTO_INCREMENT, AUTO_INCREMENT=131;

--
-- AUTO_INCREMENT for table `pc`
--
ALTER TABLE `pc`
  MODIFY `id_pc` int(11) NOT NULL AUTO_INCREMENT, AUTO_INCREMENT=17;

--
-- AUTO_INCREMENT for table `produit_cmd`
--
ALTER TABLE `produit_cmd`
  MODIFY `id_prodcmd` int(11) NOT NULL AUTO_INCREMENT, AUTO_INCREMENT=51;

--
-- AUTO_INCREMENT for table `telephone`
--
ALTER TABLE `telephone`
  MODIFY `id_tel` int(11) NOT NULL AUTO_INCREMENT, AUTO_INCREMENT=60;

--
-- AUTO_INCREMENT for table `tv`
--
ALTER TABLE `tv`
  MODIFY `id_tv` int(11) NOT NULL AUTO_INCREMENT, AUTO_INCREMENT=22;

--
-- AUTO_INCREMENT for table `users`
--
ALTER TABLE `users`
  MODIFY `id_user` int(11) NOT NULL AUTO_INCREMENT, AUTO_INCREMENT=11;

--
-- AUTO_INCREMENT for table `ventes`
--
ALTER TABLE `ventes`
  MODIFY `id_vnt` int(11) NOT NULL AUTO_INCREMENT, AUTO_INCREMENT=12;

--
-- AUTO_INCREMENT for table `watch`
--
ALTER TABLE `watch`
  MODIFY `id_watch` int(11) NOT NULL AUTO_INCREMENT, AUTO_INCREMENT=32;

--
-- Constraints for dumped tables
--

--
-- Constraints for table `addresses`
--
ALTER TABLE `addresses`
  ADD CONSTRAINT `addresses_ibfk_1` FOREIGN KEY (`id_user`) REFERENCES `users` (`id_user`);

--
-- Constraints for table `commande`
--
ALTER TABLE `commande`
  ADD CONSTRAINT `commande_ibfk_1` FOREIGN KEY (`id_user`) REFERENCES `users` (`id_user`),
  ADD CONSTRAINT `commande_ibfk_2` FOREIGN KEY (`address_id`) REFERENCES `addresses` (`address_id`);

--
-- Constraints for table `methode_pay`
--
ALTER TABLE `methode_pay`
  ADD CONSTRAINT `methode_pay_ibfk_1` FOREIGN KEY (`id_user`) REFERENCES `users` (`id_user`);

--
-- Constraints for table `pannier`
--
ALTER TABLE `pannier`
  ADD CONSTRAINT `pannier_ibfk_1` FOREIGN KEY (`id_user`) REFERENCES `users` (`id_user`);
COMMIT;

/*!40101 SET CHARACTER_SET_CLIENT=@OLD_CHARACTER_SET_CLIENT */;
/*!40101 SET CHARACTER_SET_RESULTS=@OLD_CHARACTER_SET_RESULTS */;
/*!40101 SET COLLATION_CONNECTION=@OLD_COLLATION_CONNECTION */;
